id_user,address
28,14Fj8oZoPhyaP5W8hXNzLFX4Lnnt6Kfbj3
28,1NVMJB23CdKbYVvfP1zfpmYDVWxbVgRNJ6
28,1Ant9MpzpmQ9ZEkuV3c3ium9zJUTtRpprf
28,1N5zcFjs7xvNUyoNpGHT2E81WpUbA17rTX
28,17skMihKWAtumxiXQwiB9f1pn3uHUQKhtg
28,321mwsUUW5fM4DRRUjdLFx1Y4vZYDqR6q8
28,32wnusGacUMGHF77ZCUYkVVTMWn4YLUGsP
28,33bEZi8crGV7N5PTu1YYmjoBS2671VPizq
28,358eHLn14JCWpq3zjC5m2FoNQM5KSDD7bZ
28,35XCjZNGTboGZr1a69NgByqSAE89inMcG3
28,36iqQ51rcjCirfxJbdnbYNjMUcrkRhscYV
28,37M3GPrVXCPEtjFC5iNrRjTxxh5XDVpm3b
28,37yV2o2uudMPq4k873Z5Q3AJxbaJ7CwrV3
28,39LKm9ndq9TFs8gx8rQAK81A2KEEifEe3e
28,3Asq7H9FkxQhKDivYNuPasRooaVv8N3EKt
28,3BN3m6TAMRwUEHSPqC7DEfC7bKuimDxBgf
28,3BVnTA8gkZDnuYB9Tg11nLNb2EHxUSpveb
28,3BcbKxbo4GotZnCoM2aQM9DySi2cUW1tq1
28,3BizMthKGDjUeR3EKFezm8xChCeYPdh89Y
28,3Cxync9UZRMiQRwCaXWtTiTG4V5kyqVMjB
28,3DSgY25KfcCWM3K4tMfrmcXwuDtiUE5wDX
28,3E4Eg82XaiMTzhjqQLd2St9Y8v5e9PGkBm
28,3FD1rtyL4T7w1VqDCvHZCNWmh9rjV74AKQ
28,3Fg2uDTePH5gQ29QL5Aq5i5HYmPMsk4HPB
28,3G7LnuiFUJKv4qoB7vh3q5DBxZLRR9dkT6
28,3HRdbnq5uVTA9BM78Bzw7e1cWBtkU7yJWd
28,3J8jnKNvmAepdpdkzjcjppPdpWuzarrc4W
28,3JaRWYNHrHcLmL7SqGZXR4YtguiuuD5AyG
28,3KRTKKikQqmRxUStLiJcUQMh7RLk1MZwKC
28,3N7Q5hmC2Qse2nvu9LZZpjD8BrB5ttHLCn
28,3PC6Mex8Z6kMdTFxLyC32cbDKX1HSBLvhQ
28,3Q6rq4zqbWFRo8q678mjrMawT3WwkEXxM1
28,3Qor65JDPSNdAa43zdP5qUYPVGSvEc8QCx
28,39L5qhj97Ty4kFSpUwtK6hCTiVx5eD7fqp
4,1AWnSnrhksYEBm3zoNMZrvpmrM3EmWwjq2
4,3CN8BpA1ZgNFWbh5JERK4194a9nw9QXkx4
11,1KfbMRm3RaNgST7aDCDxdxUH9coNxoxsTx
44,xpub6CwUi7RCy4GvB9DTeKvjY2tbDzTHnm4WKMsiq7Z9PFcPs6Cq6vWxEZYKW1DBbWRK4kCvQCrbAmY5P3HrnXTxfLYp4Am35tZ5n1MzgbB7hyz
56,1NBky6ig3koDrKGBHkbqB5PrK5Frt5gHAj
75,1PZBH6azVaMMwcEt6tk2yJXtqVK3rPpYvf
134,3L6YPjgvtrvGVw9vcF379sSMiuyr7U3jQS
11,15samGwmfwYobjxRi6akvKWDUhLVjJjUnF
188,1PybrTWVBysmNVRuRWGb6cJ82XozY316DZ
11,19Em3MS2PggEoEzUhyWbh6hycFAzTFCYm8
19,18yND7LeyLTS46NL51BYCsMLYmHrjJt8f2
249,3NshfttcuYKNrU8CCwFqzuu8x95VtGQeu4
250,3LoynermEyTjSx6aFTSVCCcu1CjHgHD6B8
250,3GMBMYvQBJ5VJkHxYmsGnhZEvgGSfHX14v
250,14RSprohFSLf6jud6ghW4ckhg5Jx5NaSzF
250,14ct44kH5yVPdvCkZMPtCEyhZiuWRmfSys
11,1KTMbDyDANDT9FDzsxuDn4tMo6omJf6Vt7
5,1715HqaB5SqiNRK8UoNHBcW7Hqb4opAaYk
270,1F1tAaz5x1HUXrCNLbtMDqcw6o5GNn4xqX
239,xpub6D1DAZqQ4MJq2LvZV17mNH1CbGh5CTqfr3nFDTFRKiPLiv8DGikG6wpq8wVF81wEboStsaxr9CvqbKohUAziPKn3B1v5XwZfX69YrM38v7K
281,1FiFYaMnYpgdRs1JibtMANenvyBU3DyNTb
4,32e3ns2dTfx5ogMYhm5UPnqsUYvu2vHGJp
